<?xml version="1.0" encoding="utf-8"?>
<data>
	<slide>
	<element type="TEXT" subType="TITLE" compId="ID_title"/>
	<element type="IMAGE" src="media_9.1.2.1.jpg" x="0" y="0" width="470" height="400" />
	<element type="TEXT" compId="ID_table01" subType="TABLE" x="5" y="30" width="458.65" height="139.05" />
	<element type="TEXT" id="ID_static_1" text="Svr1 " x="5" y="230.15" align="center" width="31" />
	<element type="TEXT" compId="ID_txt01" x="140" y="230" width="164.2" expand="down" align="center" color="#f68026" />
	<element type="TEXT" compId="ID_txt02" x="9" y="166" width="118.3" expand="down" align="center" />
	<element type="TEXT" compId="ID_txt03" x="316" y="166" width="142.15" expand="down" align="center" />
	<element type="TEXT" id="ID_static_2" textId="static_txt01" x="283" y="183" align="center" width="164.5" class="grayCallOut" />
	<element type="TEXT" id="ID_static_3" text="192.168.10.10" x="0" y="259.65" align="center" width="76.2" bold="1" />
	<element type="TEXT" id="ID_static_4" text="192.168.10.11" x="0" y="321.7" align="center" width="76.2" bold="1" />
	<element type="TEXT" id="ID_static_5" text="192.168.10.12" x="0" y="381.45" align="center" width="76.2" bold="1" />
	<element type="TEXT" compId="ID_txt04" x="377" y="266" width="78.65" expand="up+down" align="center" />
	</slide>
	<text id="static_txt01"><![CDATA[PC4> <b>ssh 209.165.200.226</b>]]></text>
	
</data>