<textcomponents>
<component id="ID_title">
<text><![CDATA[<b>Frontière NAT</b>]]></text>
</component>
<component id="ID_txt01">
   <text><![CDATA[Réseau d&apos;extrémité : un seul point de sortie vers Internet]]></text>
   </component>
<component id="ID_txt02">
   <text><![CDATA[Routeur périphérique configuré pour la NAT]]></text>
   </component>
<component id="ID_txt03">
   <text><![CDATA[<b>Espace d’adressage public</b>]]></text>
   </component>
<component id="ID_txt04">
   <text><![CDATA[Internet]]></text>
   </component>
<component id="ID_txt05">
   <text><![CDATA[Serveur]]></text>
   </component>
<component id="ID_txt06">
   <text><![CDATA[<b>Espace d’adressage privé</b>]]></text>
   </component>

   <component id="ID_txt07">
      <text><![CDATA[FAI]]></text>
      </component>
</textcomponents>