<?xml version="1.0" encoding="iso-8859-1"?>
<data>
	<slide>
	<!-- Title -->
		<element type="TEXT" subType="TITLE" compId="ID_title"/>	
		
	<!-- Images -->
			<element type="IMAGE" src="7_1_4_2.png" x="44.85" y="54.75" width="374.95" height="317.45"/>
			
	<!-- Bubble text -->
		<element type="BUBBLE" compId="ID_txt02"  x="170.2"  y="131.5"  width="145" height="97.8" align="left"  tailPosition="4"/>
		<element type="BUBBLE" compId="ID_txt03"  x="324.95"  y="44.4"  width="135" height="95.4" align="left"  tailPosition="8" />
	<!-- Lazy text-->
			<element type="TEXT" compId="ID_txt01" x="8" y="40" width="150" height="17"  align="left" expand="down" bgColor="#FDE6D4" borderColor="#F68026" corner="5" border="2"/>
			<element type="TEXT" compId="ID_txt04" x="10.1" y="170.55" width="80" height="17"  align="right" expand="left"/>
			<element type="TEXT" compId="ID_txt05" x="375.15" y="170.55" width="80" height="17"  align="left" expand="right"/>
			
	<!-- Static text-->	
		<element type="TEXT" text="PC1" x="61.9" y="339.45" width="25.6" align="center" color="#fff" bold="1"/>
		<element type="TEXT" text="PC2" x="142.8" y="339.45" width="25.6" align="center" color="#fff" bold="1"/>
		<element type="TEXT" text="PC3" x="296.45" y="339.45" width="25.6" align="center" color="#fff" bold="1"/>
		<element type="TEXT" text="PC4" x="379.45" y="339.45" width="25.6" align="center" color="#fff" bold="1"/>
		
		<element type="TEXT" text="R1" x="110.25" y="179.2" width="16.9" align="center" color="#fff" bold="1" />
		<element type="TEXT" text="R2" x="226.65" y="72.3" width="16.9" align="center" color="#fff" bold="1"/>
		<element type="TEXT" text="R3" x="345.05" y="179.2" width="16.9" align="center" color="#fff" bold="1"/>
		
		<element type="TEXT" text="S1" x="61.9" y="265.05" width="17.6" align="center" color="#fff" bold="1" />
		<element type="TEXT" text="S2" x="141.65" y="265.05" width="17.6" align="center" color="#fff" bold="1" />
		<element type="TEXT" text="S3" x="292.65" y="265.05" width="17.6" align="center" color="#fff" bold="1" />
		<element type="TEXT" text="S4" x="374.15" y="265.05" width="17.6" align="center" color="#fff" bold="1" />
		
		<element type="TEXT" text="192.168.10.0/24" x="-30" y="231.3" width="83.5" align="center" bold="1"/>
		<element type="TEXT" text="192.168.11.0/24" x="158.15" y="281.8" width="83.5" align="center" bold="1"/>
		<element type="TEXT" text="192.168.30.0/24" x="205" y="232.3" width="83.5" align="center" bold="1"/>
		<element type="TEXT" text="192.168.31.0/24" x="390" y="231.3" width="83.5" align="center" bold="1"/>
		
		<element type="TEXT" text="G0/0" x="71.95" y="192.05" width="28" align="center"/>
		<element type="TEXT" text="G0/1" x="133.85" y="192.05" width="28" align="center"/>
		<element type="TEXT" text="S0/0/0" x="87.5" y="142.5" width="35.9" align="center"/>
		<element type="TEXT" text="S0/0/0" x="172.1" y="76.9" width="35.9" align="center"/>
		<element type="TEXT" text="S0/0/1" x="261.85" y="76.9" width="35.9" align="center"/>
		<element type="TEXT" text="S0/0/1" x="348.4" y="142.5" width="35.9" align="center"/>
		<element type="TEXT" text="G0/0" x="307.15" y="192.05" width="28" align="center"/>
		<element type="TEXT" text="G0/1" x="366.1" y="192.05" width="28" align="center"/>
		
	</slide>
		
</data>