<?xml version="1.0" encoding="iso-8859-1"?>
<data>
	
		  <slide>
		   <element type="TEXT" subType="TITLE" compId="ID_title"/>
		   <element type="IMAGE" src="1.2.1.1.jpg" x="0" y="0" width="470" height="400" />	<!-- image div  -->	   

		  
		   <element type="TEXT"  text="192.168.1.0/24"    x="35.3"    y="280.35"   width="79" align="center" bold="1" size="10"/>
		   <element type="TEXT"  text="192.168.2.0/24"    x="141.35"  y="280.35"   width="79" align="center" bold="1" size="10"/>
		   <element type="TEXT"  text="192.168.3.0/24"    x="245.3"   y="280.35"   width="79" align="center" bold="1" size="10"/>
		   <element type="TEXT"  text="192.168.4.0/24"    x="350.25"  y="280.35"   width="79" align="center" bold="1" size="10"/>

		   <element type="TEXT"  text=".1"    x="89.4"     y="305"   width="13.3"  align="center"  />
		   <element type="TEXT"  text=".1"    x="143.65"   y="305"   width="13.3"  align="center"  />
		   <element type="TEXT"  text=".2"    x="197"    y="305.4"   width="13.3"  align="center"  />		    
		   <element type="TEXT"  text=".1"    x="252.95"   y="301"   width="13.3"  align="center"  />
		   <element type="TEXT"  text=".2"    x="309"   y="309"   width="13.3"  align="center"  />
		   <element type="TEXT"  text=".1"    x="363.6"    y="306"   width="13.3"  align="center"  />

		   <element type="TEXT"  text="Fa0/0  00-10"    x="72"      y="323.4"   width="32.55"  align="center"  size="10"/>
		   <element type="TEXT"  text="Fa0/0  00-20"    x="142"     y="322.5"   width="32.55"  align="center"  size="10"/>
		   <element type="TEXT"  text="Fa0/0  0B-31"    x="179.05"  y="322.5"   width="37"  align="center"  size="10"/>
		   <element type="TEXT"  text="Fa0/0  0C-22"    x="360.6"      y="322.5"   width="38.5"  align="center"  size="10"/>

		   <element type="TEXT"  text="S0/0/0"    x="251.75"     y="319.4"   width="33.6"  align="center"  size="10"/>
		   <element type="TEXT"  text="S0/0/0"    x="292.25"     y="326"   width="33.6"  align="center"  size="10"/>

		   <element type="TEXT"  text="192.168.1.10 0A-10"    x="0"     y="339.95"   width="63.05"  align="center"  size="10"/>
		   <element type="TEXT"  text="192.168.4.10 OB-20"    x="405.95"     y="339.95"   width="63.05"  align="center"  size="10"/>

		   
		   


		   <element type="TEXT" compId="ID_txt01" x="7.1" y="64.35" width="61.7" align="center" expand="up+down" size="10"/>
		   <element type="TEXT" compId="ID_txt02" x="7.1" y="92.05" width="61.7" align="center" expand="up+down" size="10"/>
		   <element type="TEXT" compId="ID_txt03" x="7.1" y="119.75" width="61.7" align="center" expand="up+down" size="10"/>
		   <element type="TEXT" compId="ID_txt04" x="7.1" y="147.45" width="61.7" align="center" expand="up+down" size="10"/>
		   <element type="TEXT" compId="ID_txt05" x="7.1" y="175.15" width="61.7" align="center" expand="up+down" size="10"/>
		   <element type="TEXT" compId="ID_txt06" x="7.1" y="202.85" width="61.7" align="center" expand="up+down" size="10"/>
		   <element type="TEXT" compId="ID_txt07" x="7.1" y="230.55" width="61.7" align="center" expand="up+down" size="10"/>

		   <element type="TEXT" compId="ID_txt08" x="101.35" y="175.15" width="61.7" align="center" expand="up+down" size="10"/>
		   <element type="TEXT" compId="ID_txt09" x="101.35" y="202.85" width="61.7" align="center" expand="up+down" size="10"/>
		   <element type="TEXT" compId="ID_txt10" x="101.35" y="230.55" width="61.7" align="center" expand="up+down" size="10"/>

		   <element type="TEXT" compId="ID_txt11" x="202.35" y="175.15" width="61.7" align="center" expand="up+down" size="10"/>
		   <element type="TEXT" compId="ID_txt12" x="202.35" y="202.85" width="61.7" align="center" expand="up+down" size="10"/>
		   <element type="TEXT" compId="ID_txt13" x="202.35" y="230.55" width="61.7" align="center" expand="up+down" size="10"/>

		   <element type="TEXT" compId="ID_txt14" x="300.7" y="175.15" width="61.7" align="center" expand="up+down" size="10"/>
		   <element type="TEXT" compId="ID_txt15" x="300.7" y="202.85" width="61.7" align="center" expand="up+down" size="10"/>
		   <element type="TEXT" compId="ID_txt16" x="300.7" y="230.55" width="61.7" align="center" expand="up+down" size="10"/>

		   <element type="TEXT" compId="ID_txt17" x="402.2" y="64.35" width="61.7" align="center" expand="up+down" size="10"/>
		   <element type="TEXT" compId="ID_txt18" x="402.2" y="92.05" width="61.7" align="center" expand="up+down" size="10"/>
		   <element type="TEXT" compId="ID_txt19" x="402.2" y="119.75" width="61.7" align="center" expand="up+down" size="10"/>
		   <element type="TEXT" compId="ID_txt20" x="402.2" y="147.45" width="61.7" align="center" expand="up+down" size="10"/>
		   <element type="TEXT" compId="ID_txt21" x="402.2" y="175.15" width="61.7" align="center" expand="up+down" size="10"/>
		   <element type="TEXT" compId="ID_txt22" x="402.2" y="202.85" width="61.7" align="center" expand="up+down" size="10"/>
		   <element type="TEXT" compId="ID_txt23" x="402.2" y="230.55" width="61.7" align="center" expand="up+down" size="10"/>  
		  
		  </slide>
         	

</data>