<?xml version="1.0" encoding="utf-8"?>
<data>
	<slide>
		<element type="IMAGE" src="5_1_1_4.jpg" width="470" height="400" x="0" y="0" />
		<element type="TEXTBOX"  bodyId="ID_Body_txt01" x="165" y="87" width="300" height="100" animated="0" visible="1" />
		<element type="TEXT" text="172.17.99.1" x="240" y="292.45" width="67.5" align="center" bold="1" />
		<!-- <element type="ROUTER" textId="" x="73.95" y="232.9" width="17.3" height="11.8" /> -->
		<element type="TEXT" compId="ID_txt01" x="100" y="227.85" width="100" align="center" expand="right" class="orangeCallOut" />
		<element type="TEXT" subType="TITLE" compId="ID_title" />
	</slide>
</data>