<textcomponents><!--slide 1--><component id="ID_s1_title">
<text><![CDATA[<b>Vérification de l&apos;état de l&apos;interface</b>]]></text>
</component>

<component id="ID_s1_txt01">
<text><![CDATA[&lt;résultat omis&gt;]]></text>
</component>

<component id="ID_table01">
<text><![CDATA[<table header='none' bordercolor='#98D3D1' borderwidth='3' shadow='false' shadowcolor='#000000' glow='true' glowcolor='#808080' cellpadding='4' class="mtable">
<tr class="mtable_top">
<td colspan='3' bgcolor='#0E6360' class="mtable_top"><font size='1' color='#434321'><span style="color:#DAE17A">.</span></font></td>
</tr>

<tr>
<td width="137" bgcolor='#077A77' valign="top" class="mtitle"><font color='#ffffff'><b>État de l’interface</b></font></td>
<td  width="137" bgcolor='#077A77' valign="top" class="mtitle"><font color='#ffffff'><b>État du protocole de ligne</b></font></td>
<td  width="137" bgcolor='#077A77' valign="top" class="mtitle"><font color='#ffffff'><b>État des liens</b></font></td>
</tr>

<tr>
<td bgcolor="#EFF8F7" valign="top"><font color='#393536'>Activé</font></td>
<td bgcolor="#EFF8F7" valign="top"><font color='#393536'>Activé</font></td>
<td bgcolor="#EFF8F7" valign="top"><font color='#393536'>Opérationnel</font></td>
</tr>

<tr>
<td bgcolor='#ffffff' valign="top"><font color='#393536'>Hors service</font></td>
<td bgcolor='#ffffff' valign="top"><font color='#393536'>Hors service</font></td>
<td  bgcolor='#ffffff' valign="top"><font color='#393536'>Problème d&apos;interface</font></td>
</tr>

</table>]]></text> 
</component><!--slide 2--><component id="ID_s2_title">
<text><![CDATA[<b>Affichage de l&apos;état et des statistiques de l&apos;interface</b>]]></text>
</component>

<component id="ID_s2_txt01">
<text><![CDATA[&lt;résultat omis&gt;]]></text>
</component>

<component id="ID_s2_txt02">
<text><![CDATA[&lt;résultat omis&gt;]]></text>
</component><!--slide 3--><component id="ID_s3_title">
<text><![CDATA[<b>Problèmes de couche d&apos;accès au réseau</b>]]></text>
</component>

<component id="ID_s3_table">
<text><![CDATA[<table header='none' bordercolor='#98D3D1' borderwidth='3' shadow='false' shadowcolor='#000000' glow='true' glowcolor='#808080' cellpadding='4' class="mtable">

<tr class="mtable_top">
<td colspan='2' bgcolor='#0E6360' class="mtable_top"><font size='1' color='#434321'><span style="color:#DAE17A">.</span></font></td>
</tr>

<tr>
<td width="70" bgcolor='#077A77' valign="top" class="mtitle"><font color='#ffffff'><b>Type d&apos;erreur</b></font></td>
<td  width="350" bgcolor='#077A77' valign="top" class="mtitle"><font color='#ffffff'><b>Description</b></font></td>
</tr>

<tr>
<td bgcolor="#EFF8F7" valign="top"><font color='#393536'>Erreurs en entrée</font></td>
<td  bgcolor="#EFF8F7" valign="top"><font color='#393536'>Nombre total d&apos;erreurs. Elles comprennent les erreurs suivantes : trames incomplètes, trames géantes, pas de mémoire tampon, CRC, trame, débordement et comptes ignorés.</font></td>
</tr>

<tr>
<td bgcolor='#ffffff' valign="top"><font color='#393536'>Trames incomplètes</font></td>
<td bgcolor='#ffffff' valign="top"><font color='#393536'>Paquets éliminés car ils sont inférieurs à la taille de paquet minimale définie pour le support. Par exemple, toute trame Ethernet inférieure à 64 octets est considérée comme incomplète.</font></td>
</tr>

<tr>
<td bgcolor="#EFF8F7" valign="top"><font color='#393536'>Trames géantes</font></td>
<td  bgcolor="#EFF8F7" valign="top"><font color='#393536'>Paquets éliminés car ils sont supérieurs à la taille de paquet maximale définie pour le support. Par exemple, toute trame Ethernet supérieure à 1 518 octets est considérée comme « géante ».</font></td>
</tr>

<tr>
<td bgcolor='#ffffff' valign="top"><font color='#393536'>CRC</font></td>
<td  bgcolor='#ffffff' valign="top"><font color='#393536'>Les erreurs CRC sont générées lorsque la somme de contrôle calculée ne correspond pas à la somme de contrôle reçue.</font></td>
</tr>

<tr>
<td bgcolor="#EFF8F7" valign="top"><font color='#393536'>Erreurs en sortie</font></td>
<td  bgcolor="#EFF8F7" valign="top"><font color='#393536'>Somme de toutes les erreurs ayant empêché la transmission finale des datagrammes vers l&apos;interface examinée.</font></td>
</tr>

<tr>
<td bgcolor='#ffffff' valign="top"><font color='#393536'>Collisions</font></td>
<td  bgcolor='#ffffff' valign="top"><font color='#393536'>Nombre de messages retransmis à cause d’une collision Ethernet.</font></td>
</tr>

<tr>
<td bgcolor="#EFF8F7" valign="top"><font color='#393536'>Collisions tardives</font></td>
<td  bgcolor="#EFF8F7" valign="top"><font color='#393536'>Collision se produisant après que 512 octets de la trame ont été transmis.</font></td>
</tr>
</table>]]></text> 
</component>

</textcomponents>