<?xml version="1.0" encoding="iso-8859-1"?>
<data>
    <slide type="MBAR">
        <slide>
            <element type="TEXT" subType="TITLE" compId="ID_s1_title" />
            <element type="IMAGE" src="9_2_1_1_A.jpg" x="0" y="0" width="470" height="400" />
            <element type="TEXT" subType="TABLE" compId="ID_s1_table01" x="3" y="195" width="226.35" height="97.65" />
            <element type="TEXT" id="ID_static_1" text="S0/0/0" x="170.85" y="67.05" width="35.95" align="left" />
            <element type="TEXT" id="ID_static_2" text="S0/1/0" x="260.15" y="73.05" width="35.95" align="left" />
            <element type="TEXT" id="ID_static_3" text="192.168.10.254" x="-9" y="149.6" width="80.45" align="left" />
            <element type="TEXT" id="ID_static_4" text="209.165.200.254" x="353.25" y="126.95" width="86.55" align="left" />
            <element type="TEXT" compId="ID_s1_txt01" x="80" y="36" width="104.5" expand="up+down" align="center" />
            <element type="TEXT" compId="ID_s1_txt02" x="258" y="36" width="104.5" expand="up+down" align="center" />
            <element type="TEXT" compId="ID_s1_txt04" x="306" y="81" width="76.55" expand="up+down" align="center" />
            <element type="TEXT" compId="ID_s1_txt06" x="105" y="142" width="135.8" expand="up" align="center" color="#f68026" />
            <element type="TEXT" compId="ID_s1_txt03" x="-3" y="111" width="97.5" expand="up+down" align="center" />
            <element type="TEXT" compId="ID_s1_txt05" x="352" y="111" width="85.8" expand="left" align="center" />
            <element type="TEXT" compId="ID_s1_txt07" x="317" y="144" width="125" expand="down" align="center" class="orangeCallOut" />
        </slide>
        <slide>
            <element type="TEXT" subType="TITLE" compId="ID_s2_title" />
            <element type="TEXT" compId="ID_s2_table" subType="TABLE" x="5" y="35" width="430.85" height="359" />
        </slide>
        <slide>
            <element type="TEXT" subType="TITLE" compId="ID_s3_title" />
            <element type="IMAGE" src="9_2_1_1_C.jpg" x="0" y="0" width="470" height="400" />
            <element type="TEXT" id="ID_static_5" text="S0/0/0" x="170.85" y="67.05" width="35.95" align="left" />
            <element type="TEXT" id="ID_static_6" text="S0/1/0" x="260.15" y="73.05" width="35.95" align="left" />
            <element type="TEXT" id="ID_static_7" text="192.168.11.99" x="0" y="149.6" width="80.45" align="left" />
            <element type="TEXT" id="ID_static_8" text="209.165.200.254" x="353.25" y="126.95" width="86.55" align="left" />
            <element type="TEXT" compId="ID_s3_txt01" x="80" y="36" width="104.5" expand="up+down" align="center" />
            <element type="TEXT" compId="ID_s3_txt02" x="258" y="36" width="104.5" expand="up+down" align="center" />
            <element type="TEXT" compId="ID_s3_txt04" x="306" y="81" width="76.55" expand="up+down" align="center" />
            <element type="TEXT" compId="ID_s3_txt06" x="105" y="142" width="135.8" expand="up" align="center" color="#f68026" />
            <element type="TEXT" compId="ID_s3_txt03" x="-3" y="111" width="97.5" expand="up+down" align="center" />
            <element type="TEXT" compId="ID_s3_txt05" x="352" y="111" width="85.8" expand="left" align="center" />
            <element type="TEXT" compId="ID_s3_txt07" x="317" y="144" width="125" expand="down" align="center" class="orangeCallOut" />
            <element type="ROUTER" textId="ID_router_txt1" x="5.8" y="201.4" width="430" height="194.45" />
        </slide>
        <slide>
            <element type="TEXT" subType="TITLE" compId="ID_s4_title" />
            <element type="IMAGE" src="9_2_1_1_D.jpg" x="0" y="0" width="470" height="400" />
            <element type="TEXT" id="ID_static_9" text="S0/0/0" x="170.85" y="67.05" width="35.95" align="left" />
            <element type="TEXT" id="ID_static_10" text="S0/1/0" x="260.15" y="73.05" width="35.95" align="left" />
            <element type="TEXT" id="ID_static_11" text="192.168.10.254" x="-9" y="149.6" width="80.45" align="left" />
            <element type="TEXT" id="ID_static_12" text="209.165.200.254" x="353.25" y="126.95" width="86.55" align="left" />
            <element type="TEXT" compId="ID_s4_txt01" x="80" y="36" width="104.5" expand="up+down" align="center" />
            <element type="TEXT" compId="ID_s4_txt02" x="258" y="36" width="104.5" expand="up+down" align="center" />
            <element type="TEXT" compId="ID_s4_txt04" x="306" y="81" width="76.55" expand="up+down" align="center" />
            <element type="TEXT" compId="ID_s4_txt06" x="105" y="142" width="135.8" expand="up" align="center" color="#f68026" />
            <element type="TEXT" compId="ID_s4_txt03" x="-3" y="111" width="97.5" expand="up+down" align="center" />
            <element type="TEXT" compId="ID_s4_txt05" x="352" y="111" width="85.8" expand="left" align="center" />
            <element type="TEXT" compId="ID_s4_txt07" x="317" y="144" width="135" expand="down" align="center" class="orangeCallOut" />
            <element type="ACTIVITY" subType="SYNTAX" compId="ID_SC5" x="-15" y="189" width="490" height="205.1" resetId="ID_sc_reset" showMeId="ID_sc_showme" showAllId="ID_sc_showall" />
        </slide>
    </slide>
    <text id="ID_router_txt1">
        <![CDATA[<pre><span class="orange">Establishes static translation between an inside local address and
an inside global address.</span>
R2(config)# <b>ip nat inside source static 192.168.10.254 209.165.201.5</b>

R2(config)# <b>interface Serial0/0/0</b>
R2(config-if)# <b>ip address 10.1.1.2 255.255.255.252</b>
<span class="orange">Identifies interface serial 0/0/0 as an inside NAT interface.</span>
R2(config-if)# <b>ip nat inside</b>
R2(config-if)# <b>exit</b>

R2(config)# <b>interface Serial0/1/0</b>
R2(config-if)# <b>ip address 209.165.200.1 255.255.255.252</b>
<span class="orange">Identifies interface serial 0/1/0 as the outside NAT interface.</span>
R2(config-if)# <b>ip nat outside</b></pre>]]></text>
</data>
