<?xml version="1.0" encoding="iso-8859-1"?>
<data>
<slide type="MBAR">
	<slide>
		<element type="IMAGE" src="9.2.4.1A.png" x="0" y="0" width="470" height="400"/>		
		<element type="TEXT" compId="ID_s1_txt01" x="1" y="116" width="81.4" expand="down" align="center" />
		<element type="TEXT" compId="ID_s1_txt02" x="1" y="215" width="81.4" expand="down" align="center" />
		<element type="TEXT" compId="ID_s1_txt03" x="1" y="315" width="81.4" expand="down" align="center" />
		<element type="TEXT" compId="ID_s1_txt04" x="182" y="98" width="104.5" expand="left+right" align="center" color="#f68026" bold="1"/>
		<element type="TEXT" compId="ID_s1_txt05" x="182" y="196" width="104.5" expand="left+right" align="center" color="#f68026" bold="1"/>
		<element type="TEXT" compId="ID_s1_txt06" x="182" y="274" width="104.5" expand="left+right" align="center" color="#f68026" bold="1"/>
		<element type="TEXT" compId="ID_s1_txt08" x="182" y="143" width="105.5" expand="left+right" align="center" size="13" bold="1"/>
		<element type="TEXT" compId="ID_s1_txt07" x="369" y="210" width="71.35" expand="down" align="center" />
		<element type="TEXT" subType="TITLE" compId="ID_s1_title"/>
	</slide>
	
	<slide>
		<element type="TEXT" subType="TITLE" compId="ID_s2_title"/>
		<element type="IMAGE" src="9.2.4.1B.png" x="0" y="0" width="470" height="400"/>
		<element type="BUBBLE" compId="ID_s2_txt07" x="102" y="219" width="254.1" height="102" align="left" tailPosition="12" tailFlip="0" />
		<element type="TEXT" compId="ID_s2_txt01" x="1" y="227" width="80.4" expand="down" align="center" />
		<element type="TEXT" compId="ID_s2_txt02" x="71" y="143" width="104.5" expand="up" align="left" />
		<element type="TEXT" compId="ID_s2_txt03" x="75" y="193" width="95.4" expand="up+down" align="center" bold="1"/>
		<element type="TEXT" compId="ID_s2_txt04" x="179" y="165" width="75.4" expand="up" align="center" />
		<element type="TEXT" compId="ID_s2_txt06" x="265" y="193" width="95.4" expand="up+down" align="center" bold="1"/>
		<element type="TEXT" compId="ID_s2_txt05" x="261" y="143" width="104.5" expand="up" align="left" />
		<element type="TEXT" id="ID_static_1" text="192.168.1.99" x="3" y="154.7" align="center" width="63.4" />

		
	</slide>
	

	
</slide>
	
	

	
</data>