<textcomponents><!--Slide 1--><component id="ID_s1_title">
<text><![CDATA[<b>Ports de destination TCP et UDP</b>]]></text>
</component>
<component id="ID_s1_txt01">
<text><![CDATA[Serveur Telnet]]></text>
</component>
<component id="ID_s1_txt02">
<text><![CDATA[Serveur FTP]]></text>
</component>
<component id="ID_s1_txt03">
<text><![CDATA[Serveur Web]]></text>
</component>
<component id="ID_s1_txt04">
<text><![CDATA[Port 23]]></text>
</component>
<component id="ID_s1_txt05">
<text><![CDATA[Ports 20 et 21]]></text>
</component>
<component id="ID_s1_txt06">
<text><![CDATA[Port 80]]></text>
</component>
<component id="ID_s1_txt07">
<text><![CDATA[Client]]></text>
</component>
<component id="ID_s1_txt08">
<text><![CDATA[<b>Internet</b>]]></text>
</component><!--Slide 2--><component id='ID_s2_title'>
	<text><![CDATA[<b>Transfert de port</b>]]></text>
</component>

<component id="ID_s2_txt01">
<text><![CDATA[Serveur PoS]]></text>
</component>
<component id="ID_s2_txt02">
<text><![CDATA[Vers l&apos;adresse IPv4 privée du serveur]]></text>
</component>
<component id="ID_s2_txt03">
<text><![CDATA[Réseau interne]]></text>
</component>
<component id="ID_s2_txt04">
<text><![CDATA[Routeur SOHO]]></text>
</component>
<component id="ID_s2_txt05">
<text><![CDATA[Vers l&apos;adresse IPv4 publique du routeur et le port de destination spécifique du serveur]]></text>
</component>
<component id="ID_s2_txt06">
<text><![CDATA[Internet]]></text>
</component>
<component id="ID_s2_txt07">
<text><![CDATA[Je transfère les paquets au serveur PoS correspondant à un port de destination spécifique.]]></text>
</component>


</textcomponents>