<textcomponents>

<component id="ID_s1_title">
<text><![CDATA[<b>VLAN voix</b>]]></text>
</component>

<component id="ID_s1_txt01">
   <text><![CDATA[Port de commutateur configuré pour prendre en charge le trafic voix :<textformat blockindent="-14"><li>Le port envoie des trames CDP pour fournir des informations utilisées par le téléphone IP</li><li>Le port achemine les trames associées au VLAN 150</li></textformat>]]></text>
</component>

<component id="ID_s1_txt02">
   <text><![CDATA[<b>Étudiant<br/>VLAN 20 : 172.17.20.25</b>]]></text>
</component>

<component id="ID_s1_txt03">
   <text><![CDATA[Commutateur configuré pour prendre en charge le trafic voix :<textformat blockindent="-14"><li>Utilise le VLAN 150 pour le VLAN voix</li><li>Donne la priorité au trafic vocal</li></textformat>]]></text>
</component>

</textcomponents>