<textcomponents>

<component id='ID_title'>
	<text><![CDATA[<b>Processus de prise de décisions relatives à la transmission de paquets</b>]]></text>
</component>

<component id="ID_txt01">
<text><![CDATA[Le paquet arrive sur l&apos;interface.]]></text>
</component>

<component id="ID_txt02">
<text><![CDATA[Le routeur recherche<br/>une correspondance dans la table de routage.]]></text> 
</component>

<component id="ID_txt03">
<text><![CDATA[L&apos;adresse IP de destination correspond-elle au<br/>sous-réseau d&apos;une...]]></text> 
</component>

<component id="ID_txt04">
<text><![CDATA[interface connectée directement ?]]></text> 
</component>

<component id="ID_txt05">
<text><![CDATA[Vérifiez le cache ARP (ou le protocole ARP si nécessaire) et transférez le paquet à l&apos;hôte sur le sous-réseau local.]]></text> 
</component>

<component id="ID_txt06">
<text><![CDATA[Réseau distant]]></text> 
</component>

<component id="ID_txt07">
<text><![CDATA[Encapsulez la trame et transférez-la hors de l&apos;interface de sortie au tronçon suivant.]]></text> 
</component>

<component id="ID_txt08">
<text><![CDATA[Y a-t-il une passerelle de dernier recours disponible ?]]></text> 
</component>

<component id="ID_txt09">
<text><![CDATA[Encapsulez la trame et transférez-la hors de l&apos;interface de sortie au tronçon suivant.]]></text> 
</component>

<component id="ID_txt10">
<text><![CDATA[Il abandonne le paquet.]]></text> 
</component>

<component id="ID_txt11">
<text><![CDATA[Oui]]></text> 
</component>

<component id="ID_txt12">
<text><![CDATA[Oui]]></text> 
</component>

<component id="ID_txt13">
<text><![CDATA[Oui]]></text> 
</component>

<component id="ID_txt14">
<text><![CDATA[Non]]></text> 
</component>

<component id="ID_txt15">
<text><![CDATA[Non]]></text> 
</component>

<component id="ID_txt16">
<text><![CDATA[Non]]></text> 
</component>


</textcomponents>