<textcomponents>
<component id="ID_title">
<text><![CDATA[<b>Connexion à un réseau d&apos;extrémité</b>]]></text>
</component>
<component id="ID_txt01">
<text><![CDATA[Réseau d’extrémité]]></text>
</component>
<component id="ID_txt02">
  <text><![CDATA[Réseau]]></text> 
  </component>
<component id="ID_txt03">
  <text><![CDATA[Routeur d’extrémité]]></text> 
  </component>
<component id="ID_txt04">
  <text><![CDATA[Il n&apos;est pas nécessaire d&apos;utiliser un protocole de routage dynamique avec R1 pour atteindre 172.16.3.0/24.<br/><br/>Je peux simplement utiliser une route statique pour atteindre le réseau d&apos;extrémité.]]></text> 
  </component>

</textcomponents>