<?xml version="1.0" encoding="iso-8859-1"?>
<data>
<slide>
			<element type="IMAGE" src="2.1.2.2.png" x="8.85" y="42.35" width="438.45" height="260.25"/>
			
			<element type="TEXT" subType="TITLE" compId="ID_title" />
			<element type="TEXT" text="PC1" width="25.6" x="21.5" y="207.7" align="center" bold="1" color="#fff"/>			
			<element type="TEXT" text="R1" width="18.2" x="195.55" y="222.95" align="center" bold="1" color="#fff"/>
			<element type="TEXT" text="R2" width="18.2" x="283.1" y="136.15" align="center" bold="1" color="#fff"/>
			<element type="TEXT" text="S1" width="17.75" x="96" y="222.95" align="center" bold="1" color="#fff"/>
			<element type="TEXT" text="172.16.3.0/24" width="95.7" x="48.2" y="192.2" align="center" bold="1"/>	
			<element type="TEXT" text="172.16.2.0/24" width="71.3" x="140.2" y="164.95" align="center" bold="1"/>
			<element type="TEXT" text="G0/0" width="28" x="153.65" y="198.85" align="center" />
			<element type="TEXT" text="S0/0/0" width="35.9" x="224.45" y="189.7" align="center"/>
			<element type="TEXT" text="S0/0/0" width="35.9" x="236.95" y="143.5" align="center" />	
			<element type="TEXT" compId="ID_txt02" width="162.95" x="281.4" y="89.85" align="center" expand="up+down" />
			<element type="TEXT" compId="ID_txt01" width="104" x="7.35" y="120.85" align="center" expand="up+down"  bgColor="#FDE6D4" borderColor="#F68026" corner="5" 
border="2"/>
<element type="TEXT" compId="ID_txt03" width="104" x="165.4" y="277.9" align="center" expand="up+down"  bgColor="#FDE6D4" borderColor="#F68026" corner="5" 
border="2"/>
 <element type="BUBBLE" compId="ID_txt04"  x="279.8"  y="152.3"  width="175" height="80" align="left"  tailPosition="11" tailFlip="1" />
		
			
	
</slide>
</data>