<?xml version="1.0" encoding="iso-8859-1"?>
<data>
	<slide type="MBAR">
		<slide>
			<element type="TEXT" subType="TITLE" compId="ID_s1_title"/>
			<element type="TEXT" subType="TABLE" compId="ID_s1_table" x="5.3" y="99.8" width="428.05" height="263.7" />
			<element type="ROUTER" textId="ID_router_txt1" x="5.3" y="40.8" width="428.05" height="48.65" />
		</slide>
		<slide>
			<element type="IMAGE" src="2_2_3_1_A.jpg" x="0" y="0" width="470" height="400"/>
			<element type="TEXT" subType="TITLE" compId="ID_s2_title"/>
			<element type="TEXT" id="ID_static_2" text=":1" x="272.9" y="200.2" width="12.5" align="center" size="10" />
			<element type="TEXT" id="ID_static_3" text="2001:DB8:ACAD:2::/64" x="246.8" y="96.6" width="111.3" align="center" size="10" bold="1" />
			<element type="TEXT" id="ID_static_4" text="2001:DB8:ACAD:4::/64" x="48" y="180.35" width="111.3" align="center" size="10" bold="1" />
			<element type="TEXT" id="ID_static_5" text="2001:DB8:ACAD:5::/64" x="262.65" y="180.35" width="111.3" align="center" size="10" bold="1" />
			<element type="TEXT" id="ID_static_6" text="2001:DB8:ACAD:1::/64" x="9.6" y="243.45" width="111.3" align="center" size="10" bold="1" />
			<element type="TEXT" id="ID_static_7" text="2001:DB8:ACAD:3::/64" x="323.65" y="243.45" width="111.3" align="center" size="10" bold="1" />
			<element type="TEXT" id="ID_static_8" text="G0/0" x="192.95" y="130.25" width="25.9" align="center" size="10" />
			<element type="TEXT" id="ID_static_9" text="S0/0/1 DCE" x="243.4" y="154.35" width="33.1" align="left" size="10" />
			<element type="TEXT" id="ID_static_10" text="S0/0/0" x="165.65" y="164.95" width="33.1" align="center" size="10" />
			<element type="TEXT" id="ID_static_11" text="S0/0/1" x="230.05" y="208.85" width="33.1" align="center" size="10" />
			<element type="TEXT" id="ID_static_12" text="G0/0" x="118.45" y="208.45" width="25.9" align="center" size="10" />
			<element type="TEXT" id="ID_static_13" text="G0/0" x="304" y="208.45" width="25.9" align="center" size="10" />
			<element type="TEXT" id="ID_static_14" text=":1" x="221.4" y="130.25" width="12.5" align="center" size="10" />
			<element type="TEXT" id="ID_static_15" text=":2" x="205.95" y="169.5" width="12.5" align="center" size="10" />
			<element type="TEXT" id="ID_static_16" text=":2" x="225" y="169.5" width="12.5" align="center" size="10" />
			<element type="TEXT" id="ID_static_17" text=":1" x="163.55" y="196.2" width="12.5" align="center" size="10" />
			<element type="TEXT" id="ID_static_18" text=":1" x="128.3" y="224.95" width="13.3" align="center" />
			<element type="TEXT" id="ID_static_19" text=":1" x="304.65" y="224.95" width="12.5" align="center" size="10" />
			<element type="TEXT" id="ID_static_20" text="S0/0/0 DCE" x="185.35" y="208.85" width="33.1" align="left" size="10" />
			<element type="ROUTER" textId="ID_router_txt2" x="9.65" y="286.55" width="417" height="67.45" />
		</slide>
		<slide>
			<element type="TEXT" subType="TITLE" compId="ID_s3_title"/>
			<element type="ACTIVITY" subType="SYNTAX" compId="ID_s3_SC1" x="-10" y="40" width="520" height="355" resetId="ID_sc_reset" showMeId="ID_sc_showme" showAllId="ID_sc_showall"/>
		</slide>
		<slide>
			<element type="TEXT" subType="TITLE" compId="ID_s4_title"/>
			<element type="ACTIVITY" subType="SYNTAX" compId="ID_s4_SC1" x="-10" y="40" width="520" height="355" resetId="ID_sc1_reset" showMeId="ID_sc1_showme" showAllId="ID_sc1_showall"/>
		</slide>
	</slide>
	<text id="ID_router_txt1"><![CDATA[
	Router(config)# <b>ipv6 route</b> <i>ipv6-prefix/ipv6-mask</i><br/> 
	{<i>ipv6-address | exit-intf</i>}
	]]></text> 
	<text id="ID_router_txt2"><![CDATA[
		R1(config)# <b>ipv6 unicast-routing</b><br/>
		R1(config)# 
	]]></text> 
</data>