<?xml version="1.0" encoding="iso-8859-1"?>
<data>
	<slide type="MBAR" width="780">	
		<element type="TEXT" compId="ID_txt01" x="0" y="0" width="249.1" expand="down" align="left" size="11" />
		<slide>	
			<element type="TEXT" compId="ID_s1_title" x="274.95" y="2" width="469.15" expand="down" align="left" size="11" />
		</slide>
		<slide>	
			<element type="TEXT" compId="ID_s2_title" x="274.95" y="2" width="469.15" expand="down" align="left" size="11" />
		</slide>
		<slide>	
			<element type="TEXT" compId="ID_s3_title" x="274.95" y="2" width="469.15" expand="down" align="left" size="11" />
		</slide>
		<slide>	
			<element type="TEXT" compId="ID_s4_title" x="274.95" y="2" width="469.15" expand="down" align="left" size="11" />
		</slide>
		<slide>	
			<element type="TEXT" compId="ID_s5_title" x="274.95" y="2" width="469.15" expand="down" align="left" size="11" />
		</slide>
		<slide>	
			<element type="TEXT" compId="ID_s6_title" x="274.95" y="2" width="469.15" expand="down" align="left" size="11" />
		</slide>
		<slide>	
			<element type="TEXT" compId="ID_s7_title" x="274.95" y="2" width="469.15" expand="down" align="left" size="11" />
		</slide>
		<slide>	
			<element type="TEXT" compId="ID_s8_title" x="274.95" y="2" width="469.15" expand="down" align="left" size="11" />
		</slide>
		<slide>	
			<element type="TEXT" compId="ID_s9_title" x="274.95" y="2" width="469.15" expand="down" align="left" size="11" />
		</slide>
	</slide>
</data>