<textcomponents>
<component id="ID_txt01">
<text><![CDATA[Exercice : traçage du domaine<textformat blockindent='-14'><ul><li>Utilisez la souris pour tracer une forme autour de certains périphériques, ou de tous, dans chacun des schémas. La présence d’une forme autour d’un groupe de périphériques indique que ces derniers appartiennent à un domaine de diffusion ou de collision. Pour inclure seulement l&apos;interface d&apos;un périphérique, et non l&apos;ensemble de celui-ci, englobez la partie du périphérique avec l&apos;interface que vous souhaitez inclure.</li><li>Pour dessiner une forme, déplacez la souris sur le schéma, maintenez le bouton de la souris enfoncé, puis tracez un cercle autour des périphériques que vous souhaitez sélectionner. Lorsque vous dessinez, le curseur prend la forme d’un crayon. Le résultat obtenu n&apos;est pas un cercle parfait, mais un polygone ombré qui contient les périphériques que vous avez sélectionnés. Entraînez-vous à l&apos;aide de l&apos;outil de dessin, puis cliquez sur <b>Réinitialiser</b> à tout moment pour effacer l&apos;écran.</li><li>Vous pouvez dessiner plusieurs formes, afin d&apos;inclure différents groupes de périphériques. Une fois tracées, les formes ne peuvent plus être modifiées. Cliquez sur <b>Annuler</b> pour supprimer une forme à la fois ou cliquez sur <b>Réinitialiser</b> pour tout recommencer. Lorsque vous avez terminé, cliquez sur <b>Vérifier</b> pour évaluer votre solution. Cliquez sur <b>Réponse</b> pour afficher la réponse correcte dessinée pour vous.</li><li>Cliquez sur les boutons numérotés pour afficher chaque scénario de l&apos;exercice.</li></ul></textformat>]]></text>
</component>


<component id="ID_check1">
  <text><![CDATA[<b>Vérifier</b>]]></text> 
</component>
<component id="ID_reset1">
  <text><![CDATA[<b>Réinitialiser</b>]]></text> 
</component>
<component id="ID_undo1">
  <text><![CDATA[<b>Annuler</b>]]></text> 
</component>
<component id="ID_answer1">
  <text><![CDATA[<b>Réponse</b>]]></text> 
</component>
<component id="ID_hide1">
  <text><![CDATA[<b>Masquer la réponse</b>]]></text> 
</component>

<component id="ID_check2">
  <text><![CDATA[<b>Vérifier</b>]]></text> 
</component>
<component id="ID_reset2">
  <text><![CDATA[<b>Réinitialiser</b>]]></text> 
</component>
<component id="ID_undo2">
  <text><![CDATA[<b>Annuler</b>]]></text> 
</component>
<component id="ID_answer2">
  <text><![CDATA[<b>Réponse</b>]]></text> 
</component>
<component id="ID_hide2">
  <text><![CDATA[<b>Masquer la réponse</b>]]></text> 
</component>

<component id="ID_check3">
  <text><![CDATA[<b>Vérifier</b>]]></text> 
</component>
<component id="ID_reset3">
  <text><![CDATA[<b>Réinitialiser</b>]]></text> 
</component>
<component id="ID_undo3">
  <text><![CDATA[<b>Annuler</b>]]></text> 
</component>
<component id="ID_answer3">
  <text><![CDATA[<b>Réponse</b>]]></text> 
</component>
<component id="ID_hide3">
  <text><![CDATA[<b>Masquer la réponse</b>]]></text> 
</component>

<component id="ID_check4">
  <text><![CDATA[<b>Vérifier</b>]]></text> 
</component>
<component id="ID_reset4">
  <text><![CDATA[<b>Réinitialiser</b>]]></text> 
</component>
<component id="ID_undo4">
  <text><![CDATA[<b>Annuler</b>]]></text> 
</component>
<component id="ID_answer4">
  <text><![CDATA[<b>Réponse</b>]]></text> 
</component>
<component id="ID_hide4">
  <text><![CDATA[<b>Masquer la réponse</b>]]></text> 
</component>

<component id="ID_check5">
  <text><![CDATA[<b>Vérifier</b>]]></text> 
</component>
<component id="ID_reset5">
  <text><![CDATA[<b>Réinitialiser</b>]]></text> 
</component>
<component id="ID_undo5">
  <text><![CDATA[<b>Annuler</b>]]></text> 
</component>
<component id="ID_answer5">
  <text><![CDATA[<b>Réponse</b>]]></text> 
</component>
<component id="ID_hide5">
  <text><![CDATA[<b>Masquer la réponse</b>]]></text> 
</component>

<component id="ID_check6">
  <text><![CDATA[<b>Vérifier</b>]]></text> 
</component>
<component id="ID_reset6">
  <text><![CDATA[<b>Réinitialiser</b>]]></text> 
</component>
<component id="ID_undo6">
  <text><![CDATA[<b>Annuler</b>]]></text> 
</component>
<component id="ID_answer6">
  <text><![CDATA[<b>Réponse</b>]]></text> 
</component>
<component id="ID_hide6">
  <text><![CDATA[<b>Masquer la réponse</b>]]></text> 
</component>

<component id="ID_check7">
  <text><![CDATA[<b>Vérifier</b>]]></text> 
</component>
<component id="ID_reset7">
  <text><![CDATA[<b>Réinitialiser</b>]]></text> 
</component>
<component id="ID_undo7">
  <text><![CDATA[<b>Annuler</b>]]></text> 
</component>
<component id="ID_answer7">
  <text><![CDATA[<b>Réponse</b>]]></text> 
</component>
<component id="ID_hide7">
  <text><![CDATA[<b>Masquer la réponse</b>]]></text> 
</component>

<component id="ID_check8">
  <text><![CDATA[<b>Vérifier</b>]]></text> 
</component>
<component id="ID_reset8">
  <text><![CDATA[<b>Réinitialiser</b>]]></text> 
</component>
<component id="ID_undo8">
  <text><![CDATA[<b>Annuler</b>]]></text> 
</component>
<component id="ID_answer8">
  <text><![CDATA[<b>Réponse</b>]]></text> 
</component>
<component id="ID_hide8">
  <text><![CDATA[<b>Masquer la réponse</b>]]></text> 
</component>

<component id="ID_check9">
  <text><![CDATA[<b>Vérifier</b>]]></text> 
</component>
<component id="ID_reset9">
  <text><![CDATA[<b>Réinitialiser</b>]]></text> 
</component>
<component id="ID_undo9">
  <text><![CDATA[<b>Annuler</b>]]></text> 
</component>
<component id="ID_answer9">
  <text><![CDATA[<b>Réponse</b>]]></text> 
</component>
<component id="ID_hide9">
  <text><![CDATA[<b>Masquer la réponse</b>]]></text> 
</component>


<component id="ID_s1_title">
  <text><![CDATA[Dessinez des formes individuelles autour de chaque domaine de diffusion. (Indice : il y en a plusieurs dans certains cas.)]]></text> 
</component>

<component id="ID_s2_title">
  <text><![CDATA[Dessinez des formes individuelles autour de chaque domaine de diffusion. (Indice : il y en a plusieurs dans certains cas.)]]></text> 
</component>

<component id="ID_s3_title">
  <text><![CDATA[Dessinez des formes individuelles autour de chaque domaine de collision. (Indice : il y en a plusieurs dans certains cas.)]]></text> 
</component>

<component id="ID_s4_title">
  <text><![CDATA[Dessinez des formes individuelles autour de chaque domaine de collision. (Indice : il y en a plusieurs dans certains cas.)]]></text> 
</component>

<component id="ID_s5_title">
  <text><![CDATA[Dessinez des formes individuelles autour de chaque domaine de collision. (Indice : il y en a plusieurs dans certains cas.)]]></text> 
</component>

<component id="ID_s6_title">
  <text><![CDATA[Dessinez des formes individuelles autour de chaque domaine de diffusion. (Indice : il y en a plusieurs dans certains cas.)]]></text> 
</component>

<component id="ID_s7_title">
  <text><![CDATA[Dessinez des formes individuelles autour de chaque domaine de collision. (Indice : il y en a plusieurs dans certains cas.)]]></text> 
</component>

<component id="ID_s8_title">
  <text><![CDATA[Dessinez des formes individuelles autour de chaque domaine de diffusion. (Indice : il y en a plusieurs dans certains cas.)]]></text> 
</component>

<component id="ID_s9_title">
  <text><![CDATA[Dessinez des formes individuelles autour de chaque domaine de collision. (Indice : il y en a plusieurs dans certains cas.)]]></text> 
</component>



    <component id="ID_s1_CorrectTitle">
      <text><![CDATA[<b>Correct</b>]]></text>
  </component>
  <component id="ID_s1_CorrectText">
    <text><![CDATA[Bien ! Vous avez correctement identifié le domaine de diffusion.]]></text>
    </component>
    <component id="ID_s1_InCorrectTitle">
      <text><![CDATA[<b>Incorrect</b>]]></text>
  </component>
  <component id="ID_s1_InCorrectText">
    <text><![CDATA[Cet exercice n’est pas complet. Veuillez réessayer.]]></text>
    </component>
    <component id="ID_s2_CorrectTitle">
      <text><![CDATA[<b>Correct</b>]]></text>
  </component>
  <component id="ID_s2_CorrectText">
    <text><![CDATA[Bien ! Vous avez correctement identifié le domaine de diffusion.]]></text>
    </component>
    <component id="ID_s2_InCorrectTitle">
      <text><![CDATA[<b>Incorrect</b>]]></text>
  </component>
  <component id="ID_s2_InCorrectText">
    <text><![CDATA[Cet exercice n’est pas complet. Veuillez réessayer.]]></text>
    </component>

    <component id="ID_s3_CorrectTitle">
      <text><![CDATA[<b>Correct</b>]]></text>
  </component>
  <component id="ID_s3_CorrectText">
    <text><![CDATA[Bien ! Vous avez correctement identifié le domaine de collision.]]></text>
    </component>
    <component id="ID_s3_InCorrectTitle">
      <text><![CDATA[<b>Incorrect</b>]]></text>
  </component>
  <component id="ID_s3_InCorrectText">
    <text><![CDATA[Cet exercice n’est pas complet. Veuillez réessayer.]]></text>
    </component>

    <component id="ID_s4_CorrectTitle">
      <text><![CDATA[<b>Correct</b>]]></text>
  </component>
  <component id="ID_s4_CorrectText">
    <text><![CDATA[Bien ! Vous avez correctement identifié les domaines de collision.]]></text>
    </component>
    <component id="ID_s4_InCorrectTitle">
      <text><![CDATA[<b>Incorrect</b>]]></text>
  </component>
  <component id="ID_s4_InCorrectText">
    <text><![CDATA[Cet exercice n’est pas complet. Veuillez réessayer.]]></text>
    </component>

    <component id="ID_s5_CorrectTitle">
      <text><![CDATA[<b>Correct</b>]]></text>
  </component>
  <component id="ID_s5_CorrectText">
    <text><![CDATA[Bien ! Vous avez correctement identifié le domaine de collision.]]></text>
    </component>
    <component id="ID_s5_InCorrectTitle">
      <text><![CDATA[<b>Incorrect</b>]]></text>
  </component>
  <component id="ID_s5_InCorrectText">
    <text><![CDATA[Cet exercice n’est pas complet. Veuillez réessayer.]]></text>
    </component>

    <component id="ID_s6_CorrectTitle">
      <text><![CDATA[<b>Correct</b>]]></text>
  </component>
  <component id="ID_s6_CorrectText">
    <text><![CDATA[Bien ! Vous avez correctement identifié les domaines de diffusion.]]></text>
    </component>
    <component id="ID_s6_InCorrectTitle">
      <text><![CDATA[<b>Incorrect</b>]]></text>
  </component>
  <component id="ID_s6_InCorrectText">
    <text><![CDATA[Cet exercice n’est pas complet. Veuillez réessayer.]]></text>
    </component>

    <component id="ID_s7_CorrectTitle">
      <text><![CDATA[<b>Correct</b>]]></text>
  </component>
  <component id="ID_s7_CorrectText">
    <text><![CDATA[Bien ! Vous avez correctement identifié les domaines de collision.]]></text>
    </component>
    <component id="ID_s7_InCorrectTitle">
      <text><![CDATA[<b>Incorrect</b>]]></text>
  </component>
  <component id="ID_s7_InCorrectText">
    <text><![CDATA[Cet exercice n’est pas complet. Veuillez réessayer.]]></text>
    </component>

    <component id="ID_s8_CorrectTitle">
      <text><![CDATA[<b>Correct</b>]]></text>
  </component>
  <component id="ID_s8_CorrectText">
    <text><![CDATA[Bien ! Vous avez correctement identifié le domaine de diffusion.]]></text>
    </component>
    <component id="ID_s8_InCorrectTitle">
      <text><![CDATA[<b>Incorrect</b>]]></text>
  </component>
  <component id="ID_s8_InCorrectText">
    <text><![CDATA[Cet exercice n’est pas complet. Veuillez réessayer.]]></text>
    </component>

    <component id="ID_s9_CorrectTitle">
      <text><![CDATA[<b>Correct</b>]]></text>
  </component>
  <component id="ID_s9_CorrectText">
    <text><![CDATA[Bien ! Vous avez correctement identifié les domaines de collision.]]></text>
    </component>
    <component id="ID_s9_InCorrectTitle">
      <text><![CDATA[<b>Incorrect</b>]]></text>
  </component>
  <component id="ID_s9_InCorrectText">
    <text><![CDATA[Cet exercice n’est pas complet. Veuillez réessayer.]]></text>
    </component>
	
</textcomponents>