<?xml version="1.0" encoding="iso-8859-1"?>
<data>
	<slide type="MBAR">
		<slide>
			<element type="IMAGE" src="media_4.1.1.5S1.jpg" width="470" height="400" x="0" y="0" />
			<element type="TEXT" compId="ID_s1_txt01" x="34" y="29" width="177.9" expand="up" align="center" class="purpleCallOut"/>
			<element type="TEXT" compId="ID_s1_txt03" x="1" y="61" width="92.4" expand="up+down" align="right" />
			<element type="TEXT" compId="ID_s1_txt08" x="305" y="181" width="104.5" expand="up+down" align="center" class="purpleCallOut"/>
			<element type="TEXT" compId="ID_s1_txt04" x="1" y="113" width="88.4" expand="up+down" align="right" />
			<element type="TEXT" compId="ID_s1_txt05" x="1" y="172" width="92.4" expand="up+down" align="right" />
			<element type="TEXT" compId="ID_s1_txt02" x="248" y="29" width="177.9" expand="up" align="center" class="purpleCallOut"/>
			<element type="TEXT" compId="ID_s1_txt06" x="1" y="252" width="88.4" expand="up+down" align="right" />
			<element type="TEXT" compId="ID_s1_txt07" x="1" y="296" width="92.4" expand="up+down" align="right" />
			<element type="TEXT" compId="ID_s1_txt09" x="45" y="332" width="130.65" expand="down" align="center" class="purpleCallOut"/>
			<element type="TEXT" compId="ID_s1_txt11" x="321" y="332" width="109" expand="down" align="center" class="purpleCallOut"/>
			<element type="TEXT" compId="ID_s1_txt10" x="186" y="332" width="124.6" expand="down" align="center" class="purpleCallOut"/>
		</slide>
		<slide>
			<element type="IMAGE" src="media_4.1.1.5S2.jpg" width="470" height="400" x="0" y="0" />
			<element type="TEXT" compId="ID_s2_txt02" x="0" y="85" width="122.6" expand="up+down" align="center" class="purpleCallOut"/>
			<element type="TEXT" compId="ID_s2_txt03" x="0" y="143" width="122.6" expand="up+down" align="center" class="purpleCallOut"/>
			<element type="TEXT" compId="ID_s2_txt04" x="0" y="203" width="125.6" expand="up+down" align="center" class="purpleCallOut"/>
			<element type="TEXT" compId="ID_s2_txt05" x="0" y="263" width="122.6" expand="up+down" align="center" class="purpleCallOut"/>
			<element type="TEXT" compId="ID_s2_txt06" x="0" y="322" width="122.6" expand="up+down" align="center" class="purpleCallOut"/>
			<element type="TEXT" compId="ID_s2_txt07" x="213" y="254" width="60" size="10" expand="down" align="center" />
			<element type="TEXT" compId="ID_s2_txt01" x="129" y="58" width="73.4" expand="up" align="center" />
			<element type="TEXT" compId="ID_s2_txt08" x="346" y="168" width="65" expand="up+down" size="9" align="center" />
			<element type="TEXT" compId="ID_s2_txt09" x="346" y="243.50" width="65" expand="up+down" align="center" />	
		</slide>
	</slide>
</data>