<?xml version="1.0" encoding="iso-8859-1"?>
<data>
	<slide>
		<element type="TEXT" subType="TITLE" compId="ID_title"/>		
		<element type="TEXT" compId="ID_txt08" x="167.8" y="216.05" width="136" expand="up+down" align="center" />
		<element type="TEXT" compId="ID_txt01" x="186.15" y="87.1" width="106.3" expand="up+down" align="center" />
		<element type="TEXT" compId="ID_txt07" x="48.35" y="137.65" width="107.35" expand="up+down" align="center" />
		<element type="TEXT" compId="ID_txt02" x="323.95" y="141.55" width="106.3" expand="up+down" align="center" />
		<element type="TEXT" compId="ID_txt06" x="12.65" y="241" width="108.7" expand="up+down" align="center" />
		<element type="TEXT" compId="ID_txt04" x="265.4" y="330.6" width="108.7" expand="up+down" align="center" />
		<element type="TEXT" compId="ID_txt03" x="347.45" y="241.5" width="107.5" expand="up+down" align="center" />
		<element type="TEXT" compId="ID_txt05" x="105.85" y="330.6" width="108.15" expand="up+down" align="center" />			
		<element type="IMAGE" src="media_1.1.1.1.jpg" x="0" y="0" width="470" height="400"/>
	</slide>	
</data>