<textcomponents>

	<component id="ID_title">
		<text><![CDATA[<b>Caractéristiques du réseau</b>]]></text>
	</component>
	<component id="ID_txt01">
		<text><![CDATA[Topologie]]></text>
	</component>
	<component id="ID_txt02">
		<text><![CDATA[Vitesse]]></text> 
	</component>
	<component id="ID_txt03">
		<text><![CDATA[Coût]]></text> 
	</component>
	<component id="ID_txt04">
		<text><![CDATA[Sécurité]]></text> 
	</component>
	<component id="ID_txt05">
		<text><![CDATA[Disponibilité]]></text> 
	</component>
	<component id="ID_txt06">
		<text><![CDATA[Évolutivité]]></text> 
	</component>
	<component id="ID_txt07">
		<text><![CDATA[Fiabilité]]></text> 
	</component>
	<component id="ID_txt08">
		<text><![CDATA[<b>Caractéristiques du réseau</b>]]></text> 
	</component>

</textcomponents>