<?xml version="1.0" encoding="iso-8859-1"?>
<data>	
<slide type="MBAR">
	<slide>	
		<element type="TEXT" subType="TITLE" compId="ID_s1_title"/>
		<element type="ACTIVITY" subType="ANIMATION" movieClipId="anim01" totalFrames="320"/>
	</slide>
	<slide>	
		<element type="TEXT" subType="TITLE" compId="ID_s2_title"/>
		<element type="IMAGE" src="1.1.1.4_B.jpg" x="0"	y="0" height="400" width="470"/>
		<element type="TEXT" compId="ID_s2_txt05" x="285" y="229" width="70.3" expand="right" align="left" />
		<element type="TEXT" compId="ID_s2_txt04" x="10" y="232" width="58.5" expand="right" align="left" />
		<element type="TEXT" compId="ID_s2_txt01" x="10" y="30" width="70.3" expand="right" align="left" />
		<element type="TEXT" compId="ID_s2_txt02" x="192" y="143" width="70.3" expand="left+right" align="center" size="10" />
		<element type="TEXT" compId="ID_s2_txt03" x="196" y="233" width="43.5" expand="down" align="center" size="10" />
		<element type="TEXT" compId="ID_s2_txt06" x="311" y="52" width="78.65" expand="right" align="left" />
		<element type="TEXT" compId="ID_s2_txt07" x="311" y="77" width="78.65" expand="right" align="left" />
	</slide>
</slide>
</data>