<textcomponents>
<component id="ID_s1_title">
<text><![CDATA[<b>Interception d&apos;une connexion Telnet avec Wireshark</b>]]></text>
</component>
<component id="ID_s2_title">
<text><![CDATA[<b>Nom d&apos;utilisateur et mot de passe en texte clair interceptés</b>]]></text>
</component>
<component id="ID_s3_title">
<text><![CDATA[<b>Interception d&apos;une connexion SSH avec Wireshark</b>]]></text>
</component>
<component id="ID_s4_title">
<text><![CDATA[<b>Nom d&apos;utilisateur et mot de passe chiffrés</b>]]></text>
</component>
<component id="ID_s5_txt01">
<text><![CDATA[&lt;résultat omis&gt;]]></text>
</component>

</textcomponents>