<?xml version="1.0" encoding="iso-8859-1"?>
<data>
	<slide type="MBAR">
		
		<slide>
			<element type="TEXT" subType="TITLE" compId="ID_s1_title" />
			<element type="IMAGE" src="5_2_1_1_A.jpg" x="8.95" y="51.5" width="421.5" height="226.9" subType="STD" />
 		</slide>
		
		<slide>
			<element type="TEXT" subType="TITLE" compId="ID_s2_title" />
			<element type="IMAGE" src="5_2_1_1_B.jpg" x="14.45" y="51.5" width="411.1" height="312.95" subType="STD" />
		</slide>
		
		<slide>
			<element type="TEXT" subType="TITLE" compId="ID_s3_title" />
			<element type="IMAGE" src="5_2_1_1_C.jpg" x="8.95" y="51.5" width="422" height="227.2" subType="STD" />
		</slide>
		
		<slide>
			<element type="TEXT" subType="TITLE" compId="ID_s4_title" />
			<element type="IMAGE" src="5_2_1_1_D.jpg" x="8.95" y="31.5" width="423.8" height="322.95" subType="STD" />
		</slide>
		
		<slide>
			<element type="TEXT" subType="TITLE" compId="ID_s5_title" />
			<element type="ROUTER" textId="ID_s5_txt01" x="7.45" y="134.25" width="426" height="103.45"/>
			<element type="TEXT" compId="ID_s5_txt01" width="389.05" x="16" y="197" align="left" expand="right" color="#ffffff" />
		</slide>	
</slide>
<text id="ID_s5_txt01"><![CDATA[<table width="400" border="0" cellspacing="0" cellpadding="0"> <tr> <td>S1&gt; <strong>show version</strong></td> </tr> <tr> <td>Cisco IOS Software, C2960 Software (C2960-LANBASE<span>K9</span>-M),</td> </tr> <tr> <td>Version 15.0(2)SE, RELEASE SOFTWARE (fc1)</td> </tr> <tr> <td>&nbsp;</td> </tr></table>]]></text>
</data>