<textcomponents>
<component id="ID_s1_title">
<text><![CDATA[<b>Domaines de diffusion</b>]]></text>
</component><!-- controller --><component id="end">
<text><![CDATA[Fin]]></text>
</component>

<component id="fforward">
<text><![CDATA[Avance rapide]]></text>
</component>

<component id="pause">
<text><![CDATA[Pause]]></text>
</component>

<component id="play">
<text><![CDATA[Lecture]]></text>
</component>

<component id="rewind">
<text><![CDATA[Retour au début]]></text>
</component>

<component id="start">
<text><![CDATA[Début]]></text>
</component>


</textcomponents>