<textcomponents>

   <component id="ID_title01">
      <text><![CDATA[<b>Le PC1 envoie un paquet au PC2</b>]]></text>
   </component>

   <component id="ID_header1">
      <text><![CDATA[<b>Trame liaison de données de couche 2</b>]]></text>
   </component>

   <component id="ID_header2">
      <text><![CDATA[<b>Données de couche 3 du paquet</b>]]></text>
   </component>
   
   <component id="ID_txt01">
      <text><![CDATA[<b>MAC de dest. 00-10</b>]]></text>
   </component>

   <component id="ID_txt02">
      <text><![CDATA[<b>Adresse MAC source 0A-10</b>]]></text>
   </component>

   <component id="ID_txt03">
      <text><![CDATA[Type 0x800]]></text>
   </component> 

   <component id="ID_txt04">
      <text><![CDATA[<b>IP source 192.168.1.10</b>]]></text>
   </component>
   
   <component id="ID_txt05">
      <text><![CDATA[<b>IP de dest. 192.168.4.10</b>]]></text>
   </component>

   <component id="ID_txt06">
      <text><![CDATA[Champs IP]]></text>
   </component>

   <component id="ID_txt07">
      <text><![CDATA[Données]]></text>
   </component>

   <component id="ID_txt08">
      <text><![CDATA[Queue de bande]]></text>
   </component>

   <component id="ID_txt09">
      <text><![CDATA[<b>Cache ARP du PC1 pour le routeur R1</b>]]></text>
   </component>

   <component id="ID_txt10">
      <text><![CDATA[<b>Adresse IP</b>]]></text>
   </component>

   <component id="ID_txt11">
      <text><![CDATA[<b>Adresse MAC</b>]]></text>
   </component><!--SPEECH BUBBLES--><component id="ID_speech01">
      <text><![CDATA[Je dispose d&apos;un paquet destiné au PC2.]]></text>
   </component>

   <component id="ID_speech02">
      <text><![CDATA[Quel chemin doit-il suivre ?]]></text>
   </component>

   <component id="ID_speech03">
      <text><![CDATA[Je constate que le PC2 se trouve sur un autre réseau.]]></text>
   </component>

   <component id="ID_speech04">
      <text><![CDATA[Comme le PC2 se trouve sur un autre réseau, j&apos;encapsule le paquet et je l&apos;envoie au routeur sur MON réseau. Il faut que je choisisse une adresse MAC...]]></text>
   </component><!--ANIMATION CONTROLLER--><component id="end">
		<text><![CDATA[Fin]]></text>
	</component>
	
	<component id="fforward">
		<text><![CDATA[Avance rapide]]></text>
	</component>
	
	<component id="pause">
		<text><![CDATA[Pause]]></text>
	</component>
	
	<component id="play">
		<text><![CDATA[Lecture]]></text>
	</component>
	
	<component id="rewind">
		<text><![CDATA[Retour au début]]></text>
	</component>
	
	<component id="start">
		<text><![CDATA[Démarrer]]></text>
	</component>

</textcomponents>