<?xml version="1.0" encoding="iso-8859-1"?>
<data>
	<slide type="MBAR">
		
		<slide>
			<element type="IMAGE" src="1_1_2_7_A.jpg" x="0" y="0" width="470" height="400" />			
			<element type="TEXT" subType="TITLE" compId="ID_s1_title" />					
			<element type="TEXT" text=".10" x="37.95" y="56.7" width="22.55" align="left" size="10"/>	
			<element type="TEXT" text=".10" x="35.95" y="127.7" width="22.55" align="left" size="10"/>
			<element type="TEXT" text=".2" x="77.6" y="91.95" width="13.35" align="center" size="10"/>
			<element type="TEXT" text=".2" x="77.6" y="118" width="13.35" align="center" size="10"/>
			<element type="TEXT" text="192.168.10.0/24" x="41.75" y="43.95" width="95.7" align="left" bold="1" size="10"/>
			<element type="TEXT" text="192.168.11.0/24" class="truncated_txt" x="41.75" y="159.85" width="95.7" align="left" bold="1" size="10"/>	
			<element type="TEXT" id="ID_static_23" text="G0/0 .1" x="117.35" y="70.15" width="30.8" align="right" size="10"/>	
			<element type="TEXT" id="ID_static_26" text=".1 G0/1" x="117.35" y="121.75" width="30.8" align="right" size="10"/>
			<element type="TEXT" text="209.165.200.224/30" class="truncated_txt" x="169.1" y="81.2" width="101.9" align="center" bold="1" size="10"/>
			<element type="TEXT" id="ID_static_24" text=".225 S0/0/0" x="172.45" y="109.8" width="38.2" align="left" size="10"/>
			<element type="TEXT" text=".226" width="27.7" x="240.25" y="99.9" align="center" size="10"/>
			<element type="TEXT" text=".1" width="22.55" x="296.05" y="89.4" align="center" size="10"/>
			<element type="TEXT" text=".1" width="22.55" x="296.05" y="126" align="center" size="10"/>
			<element type="TEXT" text="10.1.1.0/24" x="316.05" y="43.95" width="71.9" align="left" bold="1" size="10"/>
			<element type="TEXT" text="10.1.2.0/24" x="316.05" y="158.65" width="71.9" align="left" bold="1" size="10"/>
			<element type="TEXT" text=".10" x="377.15" y="57.2" width="22.55" align="center" size="10"/>	
			<element type="TEXT" text=".10" x="377.15" y="125.6" width="22.55" align="center" size="10"/>
			
			<element type="TEXT" text="S0/0/0" width="38.2" x="233.8" y="116.8" align="center" size="10"/>
			<element type="TEXT" text="G0/0" width="38.8" x="267.1" y="82.7" align="center" size="10"/>
			<element type="TEXT" text="G0/1" width="38.8" x="269" y="123.75" align="center" size="10"/>
			
			<element type="ROUTER" textId="ID_s1_txt01" x="6.55" y="211.7" width="426" height="152"/>
					
		</slide>
	
		<slide>
		<element type="TEXT" subType="TITLE" compId="ID_s2_title"/>
		<element type="IMAGE" src="1_1_2_7_B.jpg" x="0" y="0" width="470" height="400" />
		<element type="TEXT" id="ID_static_18" text=".10" x="37.95" y="56.7" width="22.55" align="left" size="10"/>
		<element type="TEXT" id="ID_static_19" text=".10" x="35.95" y="127.7" width="22.55" align="left" size="10"/>		
		<element type="TEXT" id="ID_static_21" text=".1" x="296.05" y="89.4" width="22.55" align="center" size="10"/>
		<element type="TEXT" id="ID_static_22" text=".1" x="296.05" y="126" width="22.55" align="center" size="10"/>
		<element type="TEXT" id="ID_static_23" text="G0/0 .1" x="117.35" y="70.15" width="30.8" align="right" size="10"/>
		<element type="TEXT" id="ID_static_24" text=".225 S0/0/0" x="172.45" y="109.8" width="38.2" align="left" size="10"/>
		<element type="TEXT" text=".226" width="27.7" x="240.25" y="99.9" align="center" size="10"/>
		<element type="TEXT" id="ID_static_26" text=".1 G0/1" x="117.35" y="121.75" width="30.8" align="right" size="10"/>
		<element type="TEXT" text=".10" x="377.15" y="57.2" width="22.55" align="center" size="10"/>	
			<element type="TEXT" text=".10" x="377.15" y="125.6" width="22.55" align="center" size="10"/>
		<element type="TEXT" text="209.165.200.224/30" class="truncated_txt" x="169.1" y="81.2" width="101.9" align="center" bold="1" size="10"/>
		<element type="TEXT" text="192.168.10.0/24" x="41.75" y="43.95" width="95.7" align="left" bold="1" size="10"/>
		<element type="TEXT" text="192.168.11.0/24" class="truncated_txt" x="41.75" y="163" width="95.7" align="left" bold="1" size="10"/>
		<element type="TEXT" text="10.1.1.0/24" x="316.05" y="43.95" width="71.9" align="left" bold="1" size="10"/>
			<element type="TEXT" text="10.1.2.0/24" x="316.05" y="158.65" width="71.9" align="left" bold="1" size="10"/>
		<element type="TEXT" text=".2" x="77.6" y="91.95" width="13.35" align="center" size="10"/>
		<element type="TEXT" text=".2" x="77.6" y="118" width="13.35" align="center" size="10"/>	
		
		<element type="TEXT" text="S0/0/0" width="38.2" x="233.8" y="116.8" align="center" size="10"/>
			<element type="TEXT" text="G0/0" width="38.8" x="267.1" y="82.7" align="center" size="10"/>
			<element type="TEXT" text="G0/1" width="38.8" x="269" y="123.75" align="center" size="10"/>
		<element type="ACTIVITY" subType="SYNTAX" compId="ID_SC" x="-10" y="178" width="500" height="218.5" resetId = "ID_sc_reset" showMeId="ID_sc_showme" showAllId="ID_sc_showall"/>			
		</slide>	
	</slide>
	
	<text id="ID_s1_txt01"><![CDATA[
	S1(config)#<b> interface vlan 1</b><br/>
	S1(config-if)#<b> ip address 192.168.10.2 255.255.255.0</b><br/>
	S1(config-if)#<b> no shutdown</b><br/>
	%LINK-5-CHANGED: Interface Vlan1, changed state to up<br/>
	S1(config-if)#<b> exit</b><br/>
	S1(config)#<br/>
	S1(config)#<b> ip default-gateway 192.168.10.1</b><br/>
	S1(config)#
]]></text>

</data>