<textcomponents>
	<component id="ID_s1_title">
		<text><![CDATA[<b>Configurer l&apos;interface de gestion du commutateur</b>]]></text>
	</component>
	<component id="ID_sc_reset">
		<text><![CDATA[Réinitialiser]]></text>
	</component>
	<component id="ID_sc_showme">
		<text><![CDATA[Démonstration]]></text>
	</component>
	<component id="ID_sc_showall">
		<text><![CDATA[Afficher tout]]></text>
	</component>
	<component id="ID_s2_title">
		<text><![CDATA[<b>Configuration de l&apos;interface SVI de gestion sur S2</b>]]></text>
	</component>
	<component id="ID_SC" fontSize="12" fontFace="_typewriter" fontColor="#ffffff">
		<text></text>
		<feedback id="fb"><![CDATA[<b><font face="_sans" color="#FFFFFF" >***Vous devez entrer la commande exacte et complète. Les commandes qui incluent un nom ou un mot de passe sont sensibles à la casse.***</font></b>]]></feedback>
		<existingcommands><![CDATA[<font face="_sans" ><b>Configurez l&apos;interface VLAN 1 sur S2 en utilisant la deuxième adresse disponible sur le réseau. Assurez-vous d&apos;activer l&apos;interface.</b></font>]]></existingcommands>
		<command prompt="S2(config)# " class="commandfont">
			<correctresponse><![CDATA[interface vlan 1]]></correctresponse>
		</command>
		<command prompt="S2(config-if)# " class="commandfont">
			<correctresponse><![CDATA[ip address 192.168.11.2 255.255.255.0]]></correctresponse>
		</command>
		<command prompt="S2(config-if)# " class="commandfont">
			<correctresponse><![CDATA[no shutdown]]></correctresponse>
			<deviceresponse><![CDATA[%LINK-5-CHANGED: Interface Vlan1, changed state to up]]></deviceresponse>
			<instruction><![CDATA[<font face="_sans" ><b>Quittez le mode de configuration d&apos;interface.</b></font>]]></instruction>
		</command>
		<command prompt="S2(config-if)# " class="commandfont">
			<correctresponse><![CDATA[exit]]></correctresponse>
			<instruction><![CDATA[<font face="_sans" ><b>Configurez la passerelle par défaut pour le commutateur S2.</b></font>]]></instruction>
		</command>
		<command prompt="S2(config)# " class="commandfont">
			<correctresponse><![CDATA[ip default-gateway 192.168.11.1]]></correctresponse>
			<instruction><![CDATA[<font face="_sans" class="syntaxBottomLine"><b>Vous avez configuré l&apos;interface SVI de gestion sur S2.</b></font>]]></instruction>
		</command>
		<command prompt=""/>
	</component>
</textcomponents>