<textcomponents>
<component id="ID_title">
<text><![CDATA[<b>Pourquoi configurer une route statique flottante ?</b>]]></text>
</component>
<component id="ID_txt01">
  <text><![CDATA[<b>WAN privé</b>]]></text> 
  </component>

  <component id="ID_txt02">
  <text><![CDATA[<b>Internet</b>]]></text> 
  </component>

    <component id="ID_txt03">
  <text><![CDATA[<b>Filiale</b>]]></text> 
  </component>

      <component id="ID_txt04">
  <text><![CDATA[<b>FAI</b>]]></text> 
  </component>

   <component id="ID_txt05">
  <text><![CDATA[<b>Siège social</b>]]></text> 
  </component>

   <component id="ID_speech01">
  <text><![CDATA[Je préfère me connecter au routeur HQ en utilisant la liaison WAN privée.]]></text> 
  </component>

   <component id="ID_speech02">
  <text><![CDATA[Toutefois, dans l&apos;éventualité où la liaison échoue, je peux utiliser une route statique flottante pour me connecter à Internet comme solution de secours.]]></text> 
  </component>



</textcomponents>